,nu0,kappa,theta,xi,rho
0,0.02364160063611855,0.8895371286753484,0.006077863848655304,0.10355609295325459,-0.6989258349006484
